{
  "auroc": 0.9871189828438176,
  "auprc": 0.9691344995122282,
  "accuracy": 0.9433333333333334,
  "precision": 0.9342105263157895,
  "recall": 0.8554216867469879,
  "f1": 0.8930817610062893,
  "ece": 0.036773633133519695
}